sku,manual_categories
RAI0001,accessories
APP0017,accessories
APP0019,accessories
APP0066,accessories
KIN0001,accessories
APP0094,accessories
APP0095,accessories
APP0105,accessories
APP0150,accessories
MOS0007,accessories
MOS0015,accessories
APP0200,accessories
HGD0001,accessories
APP0241,accessories
APP0274,accessories
SNN0001,accessories
LMP0001,accessories
APP0302,accessories
GRT0190,accessories
OWC0001,accessories
KEN0022,accessories
APP0337,accessories
APP0361,accessories
MOS0059,accessories
WAC0026,accessories
SPE0039,accessories
LAC0135,accessories
HGD0006,accessories
SEA0033,accessories
SYN0041,accessories
SYN0042,accessories
WAC0034,accessories
WAC0039,accessories
SEA0038,accessories
OTR0039,accessories
IKM0009,accessories
IKM0010,accessories
PAC0017,accessories
HGD0009,accessories
OWC0002,accessories
WAC0048,accessories
WAC0049,accessories
MAK0009,accessories
SEA0043,accessories
PAC1175,laptop
PAC1234,laptop
APP0484,accessories
APP0393,accessories
APP0394,accessories
APP0401,other
APP0402,accessories
APP0403,accessories
DLK0002,camera
DLK0003,camera
DLK0005,accessories
DLK0006,accessories
WDT0134,accessories
WDT0135,accessories
WDT0177,accessories
WDT0243,accessories
WDT0312,accessories
WDT0389,accessories
WAC0024,display
NTE0038,accessories
OWC0014,accessories
NTE0006,accessories
NTE0007,accessories
OWC0018,accessories
NTE0009,accessories
NTE0011,accessories
NTE0014,accessories
NTE0015,accessories
OWC0022,accessories
OWC0007,accessories
OWC0020,accessories
OWC0021,accessories
OWC0023,accessories
NTE0004,accessories
APP0404,accessories
STM0032,accessories
NTE0016,accessories
OWC0019,accessories
NTE0017,accessories
OWC0033,accessories
OWC0034,accessories
OWC0222,accessories
OWC0009,accessories
MUV0036,accessories
APP0428,accessories
APP0429,accessories
APP0430,accessories
APP0431,accessories
APP0432,accessories
OWC0035,accessories
OWC0036,accessories
OWC0037,accessories
OWC0035-2,accessories
OWC0036-2,accessories
SYN0057,accessories
KIN0066,accessories
KIN0067,accessories
MOS0072,accessories
MOS0074,accessories
MOS0076,accessories
APP0477,accessories
GRT0258,accessories
GRT0259,accessories
APP0458,accessories
APP0468,accessories
APP0475,accessories
APP0476,accessories
APP0478,accessories
OWC0039-2,accessories
NTE0019,accessories
NTE0020,accessories
BEZ0151,accessories
BEZ0152,accessories
BEZ0153,accessories
OWC0048,accessories
OWC0046,accessories
NTE0021,accessories
NTE0022,accessories
NTE0023,accessories
NTE0024,accessories
NTE0025,accessories
NTE0026,accessories
NTE0028,other
NTE0031,other
OWC0049,accessories
SPE0060,accessories
OWC0038,accessories
MOS0079,accessories
MOS0080,accessories
OWC0047,accessories
OWC0037-2,accessories
OWC0040,accessories
OWC0040-2,accessories
OWC0051,accessories
OWC0053,accessories
NTE0013,accessories
PIE0001,accessories
PIE0003,accessories
OWC0054,accessories
OWC0054-2,accessories
OWC0054-3,accessories
OWC0055,accessories
OWC0056,accessories
OWC0056-2,accessories
OWC0057,accessories
OWC0057-2,accessories
OWC0058,accessories
OWC0016,accessories
OWC0060,accessories
DRO0009,accessories
NTE0050,accessories
KEN0072,accessories
KEN0073,accessories
TOS0001,accessories
KEN0074,accessories
KEN0075,accessories
TWS0035,accessories
TWS0090,accessories
APP0492,accessories
TUC0078,accessories
SPE0081,accessories
SEV0001,service
SEV0006,service
SEV0020,service
SEV0012,service
SEV0013,service
SEV0015,service
SEV0017,service
SEV0018,service
SEV0019,service
TWS0040,accessories
SNN0013,accessories
LOG0078,accessories
SEV0022,service
SEV0024,service
SNN0015,accessories
MOS0081,accessories
HGS0002,accessories
NTE0039,accessories
NTE0040,accessories
APP0498,accessories
GRT0279,accessories
OWC0012,accessories
OWC0013,accessories
OWC0117,accessories
KIN0072,accessories
KIN0073,accessories
DLK0026,accessories
DLK0027,accessories
MOS0078,accessories
OWC0069,accessories
PAC0084,accessories
DRO0011,accessories
OWC0068,accessories
OWC0068-2,accessories
TWS0042,accessories
PAC0114,accessories
PAC0127,accessories
NTE0044,accessories
OWC0070,accessories
IKM0018,accessories
JMO0037,accessories
OWC0072,accessories
OWC0074,accessories
SEA0047,accessories
APP0523,accessories
APP0524,accessories
APP0525,accessories
BOO0060,accessories
SYN0052,accessories
WAC0095,tablet
OWC0076,accessories
WDT0315,accessories
WAC0126,service
WAC0129,service
KAN0007,accessories
TWS0043,accessories
CRU0015,accessories
DLK0046,accessories
CRU0015-2,accessories
SAN0038,accessories
SAN0039,accessories
SAN0040,accessories
SPH0002,other
KEN0103,accessories
GRT0294,accessories
PAC0483,pc
PAC0486,pc
PAC0441,pc
NTE0049,accessories
NTE0048,accessories
KIN0080,accessories
OWC0082,accessories
KIN0082,accessories
KIN0083,accessories
KIN0084,accessories
GRT0300,accessories
MOS0097,accessories
TUC0089,accessories
TUC0093,accessories
NTE0052,accessories
NEA0001,accessories
WDT0181,accessories
APP0656,extended,warranty
APP0659,extended,warranty
APP0660,extended,warranty
APP0661,extended,warranty
APP0657,extended,warranty
WDT0198,accessories
OWC0081,accessories
GRT0304,accessories
PLA0008,accessories
JMO0047,accessories
DLK0051,camera
WAC0121,accessories
BOO0062,accessories
BOO0064,accessories
PAC0329,accessories
OWC0085-4,accessories
OWC0084,accessories
OWC0085,accessories
APP0691,accessories
OWC0085-2,accessories
APP0692,accessories
APP0696,accessories
APP0697,accessories
OWC0086,accessories
OWC0086-2,accessories
OWC0086-4,accessories
OWC0087,accessories
OWC0088,accessories
OWC0088-2,accessories
OWC0088-4,accessories
OWC0089,accessories
OWC0089-2,accessories
OWC0089-4,accessories
PAC0331,accessories
LMP0006,accessories
LOG0101,accessories
KUA0002,accessories
NTE0053,accessories
PUR0101,accessories
SPH0003,accessories
SPH0005,accessories
OWC0080,accessories
KIN0086,accessories
NEA0002,accessories
PAC0385,accessories
WIT0011,other
APP0712,accessories
GRT0309,accessories
DLK0054,accessories
DLK0055,accessories
CRU0016-2,accessories
CRU0017,accessories
CRU0017-2,accessories
TWS0045,accessories
NTE0109,accessories
JAB0028,accessories
KEN0160,accessories
OWC0094,accessories
WDT0207,accessories
OWC0096,accessories
DLK0057,other
AII0030,accessories
OWC0097,accessories
OWC0098,accessories
OWC0099,accessories
APP0729,accessories
SNN0026,accessories
OWC0103,accessories
PAC0403,accessories
PAC0405,accessories
WDT0210,accessories
WDT0211,accessories
WDT0212,accessories
WDT0213,accessories
OWC0104,accessories
LAC0206,accessories
LAC0123,accessories
IOT0001,accessories
GTE0008,accessories
LIF0026,accessories
LIF0027,accessories
STA0010,accessories
NEA0003,other
PAC0427,accessories
PAC0428,accessories
PAC0430,accessories
BNQ0025,display
OPU0004,accessories
NTE0057,accessories
NTE0058,accessories
TWS0048,accessories
BOO0072,accessories
BOO0074,accessories
BOO0075,accessories
KAN0011,accessories
KAN0019,accessories
KAN0020,accessories
KAN0012,accessories
KAN0016,accessories
GRT0319,accessories
GRT0320,accessories
BLM0015,accessories
PUR0108,accessories
NEA0004,accessories
JAB0031,accessories
IKM0028,accessories
IKM0029,accessories
TWS0053,accessories
KIN0100,accessories
ZEP0002,accessories
OWC0108,accessories
ADN0016,accessories
IKM0033,accessories
APP0658,extended,warranty
NTE0060,accessories
NTE0065,accessories
NTE0061,accessories
NTE0066,accessories
NTE0062,accessories
NTE0067,accessories
NTE0063,accessories
NTE0068,accessories
NTE0064,accessories
NTE0069,accessories
LAN0005,accessories
KAN0021,accessories
PIE0022,accessories
WDT0227,accessories
OWC0110,accessories
OWC0114,accessories
OWC0113,accessories
IKM0034,accessories
STA0007,accessories
OTR0069,accessories
OWC0116,accessories
OTR0025,accessories
KUA0003,accessories
GRT0324,accessories
GRT0338,accessories
DLK0074,accessories
DLK0079,accessories
DLK0068,accessories
DLK0069,accessories
DLK0070,accessories
DLK0072,accessories
DLK0073,accessories
GRT0325,accessories
GRT0328,accessories
GRT0329,accessories
PAR0012,other
GRT0421,accessories
GRT0332,accessories
MUV0136,accessories
GRT0340,accessories
GRT0341,accessories
JAB0032,accessories
JAB0034,accessories
ELG0028,accessories
WAC0143,accessories
WAC0144,accessories
WAC0145,accessories
WAC0148,accessories
MUV0140,accessories
MUV0141,accessories
PUR0122,accessories
TUC0179,accessories
MOS0117,accessories
SAM0063,accessories
SAM0064,accessories
SAM0065,accessories
MOS0119,accessories
MOS0125,accessories
MOS0126,accessories
MOS0127,accessories
MOS0129,accessories
MOS0132,accessories
MOS0133,accessories
MOS0134,accessories
MOS0120,accessories
MOS0122,accessories
MOS0123,accessories
KUA0012,accessories
SEA0043-A,accessories
PAR0031,accessories
GRT0346,accessories
SYN0092,accessories
PAC0513,accessories
KAN0026,accessories
KAN0025,accessories
KAN0029,accessories
LAC0131,accessories
KAN0022,accessories
SPE0125,accessories
BEL0165,accessories
SPE0120,accessories
DLK0085,accessories
APP0893,pc
APP0903,pc
PAC0588,pc
PAC0589,pc
PAC0586,pc
APP0894,pc
APP0905,pc
APP1020,pc
APP0927,pc
APP1921,pc
APP1923,pc
APP0895,pc
APP0906,pc
APP0924,pc
APP1022,pc
APP1023,pc
APP1924,pc
APP1926,pc
APP1929,pc
APP1930,pc
APP0863,tablet
APP0865,tablet
APP0874,tablet
MUV0145,accessories
MUV0146,accessories
OWC0118,accessories
LAC0200,accessories
SPE0133,accessories
LAC0136,accessories
AP20096,accessories
APP0911,accessories
PAC0519,accessories
DRO0018,accessories
TRI0010,accessories
TRI0013,accessories
LAC0140,accessories
PAC0544,accessories
PAC0552,accessories
HAR0008,accessories
PAC0554,accessories
PAC0556,accessories
PAC0560,accessories
SAM0068,accessories
PAC0563,accessories
PAC0565,accessories
PAC0567,accessories
KAN0030,accessories
WHO0001,accessories
WHO0002,accessories
HAR0010,accessories
HGD0016,accessories
KEN0188,accessories
PAC0613,accessories
PAC0615,accessories
CRU0025,accessories
CRU0025-2,accessories
CRU0026,accessories
CRU0026-2,accessories
SNN0031,accessories
GRT0355,accessories
KAN0031,accessories
OTT0076,accessories
LAC0199,accessories
LAC0139,accessories
PIE0025,accessories
SPE0127,accessories
LAC0147,accessories
LAC0148,accessories
LAC0149,accessories
LAC0150,accessories
LAC0152,accessories
LAC0153,accessories
MOS0141,accessories
MOS0142,accessories
BEL0167,accessories
MOS0143,accessories
IOT0010,accessories
LOG0146,accessories
OLL0012,accessories
TWS0068,accessories
SYN0094,accessories
SPE0128,accessories
BEL0166,accessories
DLK0087,accessories
ADN0018,accessories
NTE0072,accessories
MOS0139,accessories
ELG0030,accessories
IOT0007,accessories
KEN0203,accessories
SPE0131,accessories
SPE0132,accessories
LOG0142,accessories
JMO0060,accessories
JMO0061,accessories
JMO0062,accessories
JMO0063,accessories
JMO0065,accessories
JMO0067,accessories
KUA0013,accessories
KUA0011,accessories
MUV0152,accessories
IKM0036,accessories
BEZ0210,accessories
REP0210,service
SPE0135,accessories
SPE0134,accessories
SPE0136,accessories
SAN0063,accessories
SAN0064,accessories
IOT0008,accessories
SPE0146,accessories
SAM0067,accessories
WDT0221,accessories
OWC0123,accessories
APP0921,accessories
SPE0137,accessories
SAM0069,accessories
NTE0076,accessories
IOT0011,accessories
WAC0158,accessories
WAC0157,tablet
REP0232,service
WAC0156,tablet
CRU0034-2,accessories
SYN0101,accessories
PAC0617,accessories
CRU0016,accessories
CRU0037,accessories
CRU0037-4,accessories
RUT0015,accessories
APP0017-A,accessories
APP0430-A,accessories
ADN0013,accessories
SYN0092-A,accessories
OWC0132,accessories
CRU0038,accessories
CRU0038-2,accessories
CRU0038-4,accessories
PAC0663,accessories
PAC0664,accessories
PAC0658,accessories
PAC0678,accessories
PAC0683,accessories
PAC0692,accessories
PAC0695,accessories
PAC0696,accessories
PAC0716,accessories
PAC0687,accessories
PAC0711,accessories
PAC0778,accessories
PAC0779,accessories
PAC0752,accessories
PAC0756,accessories
PAC0760,accessories
PAC0761,accessories
PAC0770,accessories
PAC0773,accessories
PAC0776,accessories
PAC0765,accessories
PAC0766,accessories
STA0003,accessories
KEN0201,accessories
PAC0720,accessories
STA0011,accessories
MOS0149,accessories
STA0012,accessories
PAC0725,accessories
PAC0730,accessories
PAC0726,accessories
PAC0729,accessories
PAC0647,accessories
PAC0650,accessories
PAC0706,accessories
PAC0707,accessories
PAC0739,accessories
PAC0740,accessories
PAC0743,accessories
PAC0748,accessories
PAC0749,accessories
RAI0009,accessories
JMO0050,accessories
RAI0010,accessories
RAI0012,accessories
PHI0046,other
PHI0048,other
PAC0616,accessories
TOS0012,accessories
MBI0004,accessories
DLK0086,accessories
WAC0148-A,accessories
ACM0027,accessories
BEL0169,accessories
CEL0001,accessories
CEL0006,accessories
BEL0170,accessories
BEL0171,accessories
BEL0172,accessories
NTE0078,accessories
SEA0066,accessories
ADN0022,accessories
SEA0068,accessories
LMP0010,accessories
GRT0357,accessories
BEL0175,accessories
APP0952,laptop
APP1934,laptop
APP1939,laptop
APP1940,laptop
APP0953,laptop
GRT0358,accessories
LAC0157,accessories
NTE0079,accessories
NTE0080,accessories
NTE0082,accessories
NTE0083,accessories
NTE0084,accessories
NTE0085,accessories
TIG0018,accessories
TIG0019,accessories
OWC0147,accessories
ADN0023,accessories
TRA0005,accessories
TRA0004,accessories
TRA0006,accessories
TRA0010,accessories
MOX0007,accessories
TRA0027,accessories
TRA0020,accessories
TRA0023,accessories
TRA0024,accessories
MAC0096,accessories
TRA0033,accessories
LOG0155,accessories
LOG0154,accessories
MOX0008,accessories
MOX0009,accessories
MOX0010,accessories
LAC0086,accessories
STA0014,accessories
BOS0004,accessories
STA0005,accessories
KEN0206,accessories
DLK0002-A,camera
WDT0231,accessories
WDT0232,accessories
IFX0002,accessories
IFX0008,accessories
IFX0005,accessories
IFX0006,accessories
IFX0007,accessories
IFX0010,accessories
IFX0013,accessories
IFX0014,accessories
IFX0017,accessories
IFX0019,accessories
IFX0003,accessories
IFX0015,accessories
IFX0016,accessories
MOS0151,accessories
HGS0004,accessories
MOS0152,accessories
IFX0009,accessories
TWS0082,accessories
DEV0014,accessories
DEV0005,accessories
DEV0008,accessories
DEV0015,accessories
REP0233,service
REP0235,service
FCM0007-4,accessories
FCM0003,accessories
FCM0004,accessories
FCM0005,accessories
FCM0006,accessories
FCM0007,accessories
FCM0009-2,accessories
FCM0010,accessories
FCM0011,accessories
FCM0012,accessories
FCM0003-2,accessories
FCM0004-2,accessories
FCM0005-2,accessories
FCM0006-2,accessories
FCM0007-2,accessories
FCM0011-2,accessories
FCM0008-2,accessories
HIC0012,accessories
TWS0060,accessories
SYN0103,accessories
SYN0105,accessories
STA0013,accessories
FCM0013,accessories
FCM0016,accessories
FCM0019,accessories
LIF0049,accessories
IFX0012,accessories
IFX0020,accessories
IFX0021,accessories
IFX0022,accessories
WDT0134-A,accessories
WDT0135-A,accessories
SEA0047-A,accessories
APP0729-A,accessories
OWC0068-A,accessories
THU0007,accessories
FCM0013-2,accessories
FCM0016-2,accessories
FCM0015-2,accessories
FCM0034-2,accessories
FCM0020,accessories
FCM0020-2,accessories
FCM0021-2,accessories
FCM0022,accessories
FCM0022-2,accessories
FCM0014,accessories
FCM0014-2,accessories
FCM0017-2,accessories
FCM0017-4,accessories
FCM0023,accessories
FCM0026,accessories
FCM0028,accessories
FCM0030,accessories
BTC0009,accessories
SNS0014,accessories
SNS0013,accessories
SNS0015,accessories
SNS0016,accessories
TUC0197,accessories
TUC0198,accessories
SNS0009,other
SNS0010,accessories
JBL0090,accessories
JBL0091,accessories
JBL0092,accessories
JBL0095,accessories
APP0997,laptop
SNS0012,accessories
APP0989,laptop
APP0998,laptop
APP0999,laptop
APP1000,laptop
APP1008,accessories
APP1001,laptop
APP1002,laptop
APP1003,laptop
APP1004,laptop
IFX0023,accessories
TOS0014,accessories
OWC0138,accessories
BOS0016,accessories
BOS0017,accessories
BEZ0206,accessories
BEZ0181,accessories
OWC0120,accessories
OWC0121,accessories
OWC0122,accessories
THU0013,accessories
OWC0129,accessories
OWC0142,accessories
SYN0109,accessories
GTE0037,accessories
GTE0041,accessories
GTE0043,accessories
KAN0038,accessories
THU0012,accessories
KAN0034,accessories
KAN0035,accessories
KAN0036,accessories
KAN0037,accessories
KAN0039,accessories
KAN0040,accessories
KAN0042,accessories
APP0693,accessories
APP0694,accessories
APP0695,accessories
SNN0029,accessories
SNN0033,accessories
SNN0034,accessories
OWC0140,accessories
APP1039,accessories
PIE0034,accessories
QNA0098,accessories
NTE0090,accessories
BOO0081,accessories
APP1037,accessories
APP1014,extended,warranty
TUC0200,accessories
IFX0025,accessories
TRA0029,accessories
NTE0087,accessories
NTE0088,accessories
NTE0089,accessories
OWC0139,accessories
KUA0014,accessories
TUC0201,accessories
TUC0202,accessories
LAN0008,accessories
BOO0082,accessories
KUA0016,accessories
TRA0028,other
DLK0088,camera
STA0015,accessories
KUA0015,accessories
SAM0080,accessories
KUA0018,accessories
DLK0089,accessories
ADN0026,accessories
BEZ0190,accessories
BEZ0189,accessories
BEZ0186,accessories
PHI0050,accessories
MOS0156,accessories
KIN0109,accessories
APP0979,accessories
BOS0022,accessories
MOX0012,accessories
XDO0036,accessories
XDO0004,accessories
XDO0009,accessories
ZAG0013,accessories
DLL0006,display
GRT0366,accessories
XDO0012,accessories
XDO0014,accessories
XDO0011,accessories
BNQ0032,display
APP1038,accessories
APP1040,accessories
APP1041,accessories
APP1042,accessories
APP1083,other
JBL0097,accessories
OWC0151,accessories
OTT0087,accessories
KIN0111,accessories
MOX0013,accessories
MOX0017,accessories
MOS0158,accessories
MOS0159,accessories
OWC0069-A,accessories
JAW0034,display
OTT0088,accessories
KIN0113,accessories
KIN0114,accessories
SAN0084,accessories
KIN0115,accessories
KIN0116,accessories
KIN0117,accessories
TUC0205,accessories
STA0016,accessories
WAC0165,tablet
STA0020,accessories
LOG0168,accessories
LOG0169,accessories
LEX0009,accessories
APP1082,other
APP1077,other
APP1080,other
APP1086,other
APP1098,other
APP1099,other
APP1100,other
APP1097,other
SEA0080,accessories
KUA0019,accessories
LOG0171,accessories
APP1101,accessories
TRA0030,accessories
TRA0031,accessories
TRA0032,accessories
WAC0160,tablet
SAN0087,accessories
KEN0221,accessories
MUV0155,accessories
MUV0156,accessories
MUV0159,accessories
MUV0161,accessories
KUA0020,accessories
MOS0148,accessories
KUA0021,accessories
KUA0022,accessories
DLL0008,display
DLL0009,display
LEX0011,accessories
LEX0010,accessories
LIF0070,accessories
LIF0072,accessories
LIF0073,accessories
LIF0075,accessories
SEA0083,accessories
SEA0084,accessories
IFX0026,accessories
IFX0027,accessories
IHE0006,accessories
NTE0091,accessories
LOG0172,accessories
WAC0161,tablet
WAC0162,tablet
WAC0163,tablet
WAC0164,tablet
WAC0166,tablet
WAC0167,tablet
WAC0168,tablet
WAC0169,tablet
JAB0010,accessories
JMO0072,accessories
SAN0094,accessories
SAN0092,accessories
SAN0093,accessories
PAR0045,other
PAR0044,other
ZAG0015,accessories
ZAG0016,accessories
GRT0369,accessories
GRT0368,accessories
NTE0092,accessories
IFX0057,accessories
IFX0028,accessories
IFX0029,accessories
IFX0032,accessories
APP1124,accessories
APP1127,accessories
PQI0002,accessories
APP1125,accessories
APP1112,tablet
APP1113,tablet
APP1114,tablet
APP1121,tablet
APP1122,tablet
APP1123,tablet
ELG0008,other
DLL0014,display
DLL0012,display
DLL0020,display
DLL0021,display
DLL0022,display
APP1151,accessories
APP1130,accessories
APP1135,accessories
APP1149,accessories
APP1150,accessories
APP1134,accessories
APP1133,accessories
APP1136,accessories
APP1145,accessories
APP1146,accessories
APP1129,accessories
APP1132,accessories
BEL0178,accessories
BEL0180,accessories
SEA0086,accessories
NDE0009,accessories
NES0011,other
ELG0032,accessories
ELG0033,accessories
ELG0034,accessories
LEX0013,accessories
APP0405,accessories
MUV0162,accessories
LEX0014,accessories
WAC0173,accessories
APP1169,smartphone
APP1171,smartphone
APP1180,smartphone
APP1181,smartphone
NTE0094,accessories
OTT0113,accessories
OTT0114,accessories
OTT0115,accessories
NEA0008,camera
JBL0100,accessories
JBL0101,accessories
APP1184,extended,warranty
XDO0015,accessories
APP1194,pc
APP1378,pc
PAC1026,pc
PAC1028,pc
PAC1029,pc
PAC1033,pc
PAC1040,pc
PAC1049,pc
PAC1058,pc
PAC1059,pc
PAC1232,pc
PAC1622,pc
APP1191,pc
APP1271,pc
PAC1568,pc
PAC1574,pc
APP1192,pc
PAC0926,pc
PAC0920,pc
PAC0918,pc
PAC0919,pc
PAC1191,pc
PAC1192,pc
PAC0921,pc
APP1189,pc
PAC1557,pc
PAC1559,pc
APP1236,pc
PAC1562,pc
APP1193,pc
PAC0954,pc
PAC0955,pc
PAC0956,pc
PAC0957,pc
PAC0962,pc
PAC1587,pc
PAC1588,pc
PAC1591,pc
PAC1597,pc
APP1235,pc
APP1208,accessories
APP1209,accessories
APP1210,accessories
SAN0095,accessories
APP1455,accessories
FCM0038-2,accessories
KIN0124,accessories
KIN0125,accessories
KIN0124-2,accessories
KIN0125-2,accessories
KIN0125-4,accessories
OTT0105,accessories
IOT0012,accessories
OTT0101,accessories
JBL0098,accessories
OTT0112,accessories
OTT0100,accessories
OTT0104,accessories
OTT0106,accessories
OTT0107,accessories
OTT0110,accessories
NOM0007,accessories
APP1186,accessories
APP1188,accessories
APP1187,accessories
THU0014,accessories
THU0017,accessories
WAC0177,accessories
SAN0097,accessories
SHE0030,accessories
GRT0371,accessories
GRT0372,accessories
GRT0373,accessories
GRT0374,accessories
SYN0120,accessories
PAC1156,accessories
PAC1157,accessories
PAC1158,accessories
SYN0122,accessories
PAC1163,accessories
APP1456,accessories
APP1457,accessories
APP1428,accessories
APP1430,accessories
APP1427,accessories
APP1429,accessories
APP1433,accessories
APP1434,accessories
APP1436,accessories
APP1439,accessories
AP20099,accessories
APP1446,accessories
KAN0012-A,accessories
WDT0301,accessories
ICA0047,accessories
ICA0048,accessories
ICA0049,accessories
ICA0050,accessories
APP1207,accessories
AP20141,other
APP1205,other
SAM0068-A,accessories
WDT0303,accessories
BNQ0035,display
BNQ0036,display
OTT0094,accessories
OTT0095,accessories
OTT0097,accessories
OTT0099,accessories
TUC0219,accessories
TUC0221,accessories
TUC0223,accessories
WDT0304,accessories
LEE0005,accessories
MOX0019,accessories
MOX0020,accessories
LIF0089,accessories
WDT0305,accessories
LIF0090,accessories
LIF0091,accessories
LIF0092,accessories
LIF0093,accessories
LIF0094,accessories
TUC0234,accessories
TUC0224,accessories
TUC0226,accessories
TUC0232,accessories
THU0016,accessories
SPH0007,other
ICA0062,accessories
ICA0063,accessories
MOS0166,accessories
MOS0170,accessories
OTT0096,accessories
MOX0023,accessories
MOX0024,accessories
APP1195,tablet
APP1200,tablet
APP1202,tablet
APP1203,tablet
JAB0039,accessories
TRA0034,accessories
QNA0140,accessories
QNA0143,accessories
PAC1209,accessories
SAN0096,accessories
GRT0387,accessories
CRU0043,accessories
GRT0386,accessories
KEN0226,accessories
LOG0184,accessories
PHI0053,accessories
APP0692-A,accessories
OWC0001-A,accessories
CRU0043-2,accessories
GRT0389,accessories
SAN0086,accessories
UAG0019,accessories
CRU0043-4,accessories
GRT0382,accessories
TUC0238,accessories
JMO0075,accessories
JMO0076,accessories
JMO0078,accessories
XDO0021,accessories
IKM0047,accessories
ADN0029,accessories
BNQ0037,display
PAC1294,accessories
PAC1300,accessories
QNA0146,accessories
SAN0104,accessories
SAN0105,accessories
MDT0002,accessories
MDT0005,accessories
MDT0006,accessories
MDT0008,accessories
MDT0009,accessories
QNA0144,accessories
PAC1222,accessories
PAC1225,accessories
PAC1382,accessories
PAC1291,accessories
PAC1285,accessories
KIN0129,accessories
SAN0106,accessories
SAN0107,accessories
KIN0131,accessories
KIN0134,accessories
KIN0136,accessories
KIN0137,accessories
KIN0138,accessories
KIN0139,accessories
LMP0001-A,accessories
OTR0039-A,accessories
SEA0038-A,accessories
OWC0018-A,accessories
ADN0031,accessories
IKM0045,accessories
CYG0066,accessories
CYG0067,accessories
CYG0068,accessories
XDO0028,accessories
IKM0046,accessories
SPE0159,accessories
SPE0160,accessories
SPE0153,accessories
SPE0154,accessories
ZAG0018,accessories
JAB0040,accessories
QNA0148,accessories
PAC1311,accessories
PAC1310,accessories
QNA0155,accessories
PAC1641,accessories
QNA0149,accessories
QNA0156,accessories
QNA0151,accessories
DLL0024,display
DLL0025,display
PHI0055,accessories
PHI0057,accessories
SAN0134,accessories
PHI0056,other
PHI0072,accessories
PHI0054,accessories
PHI0060,accessories
PHI0061,accessories
PHI0062,accessories
PHI0063,accessories
DLK0097,other
DLK0102,accessories
DLK0094,accessories
DLK0100,accessories
DLK0103,other
BOO0083,accessories
SYN0124,accessories
PAC1341,accessories
KIN0140,accessories
KIN0142,accessories
JAB0041,accessories
KIN0144,accessories
SAN0135,accessories
FCM0039,accessories
XDO0018,accessories
XDO0020,accessories
SPE0158,accessories
JMO0080,accessories
KIN0128,accessories
UAG0021,accessories
TRN0005,accessories
KIN0143,accessories
KIN0145,accessories
KIN0146,accessories
KIN0147,accessories
JMO0082,accessories
JMO0084,accessories
NOM0008,accessories
OWC0155,accessories
DLK0096,accessories
JMO0083,accessories
SAM0085,display
DLK0095,accessories
OWC0046-A,accessories
CRU0015-A,accessories
GRT0384,accessories
APP1211,accessories
APP1212,accessories
APP1213,accessories
NEA0009,other
TRN0002,accessories
TRN0006,accessories
OWC0153,accessories
IFX0036,accessories
SYN0125,accessories
DRO0019,accessories
MIC0029,software
SNS0021,accessories
APP1215,accessories
APP1464,accessories
IKM0044,accessories
ELG0028-A,accessories
DLK0126,accessories
DLK0112,accessories
DLK0110,accessories
DLK0108,accessories
DLK0105,other
SNS0020,accessories
GRT0390,accessories
BAN0003,accessories
BAN0006,accessories
BAN0007,accessories
BAN0008,accessories
OWC0154,accessories
KIN0148,accessories
LAC0164,accessories
HAR0012,accessories
DLL0028,display
DLK0128,accessories
DLK0118,accessories
TOS0016,accessories
SPE0155,accessories
SAN0110,accessories
BOS0025,accessories
IKM0050,accessories
DLK0129,other
MOS0172,accessories
IFX0035,accessories
LAC0160,accessories
LAC0165,accessories
LAC0166,accessories
OWC0156,accessories
TWS0087,accessories
CRU0033-A,accessories
DLL0020-A,display
PAC1249,accessories
PAC1257,accessories
PAC1250,accessories
PAC1254,accessories
PAC1258,accessories
BEA0026,accessories
OWC0161,accessories
OWC0167,accessories
WDT0243-A,accessories
KEN0229,accessories
MIC0030,software
IFX0037,accessories
TWS0086,accessories
MOS0177,accessories
LEX0020,accessories
LEX0021,accessories
LEX0022,accessories
LEE0008,accessories
DLL0029,display
UAG0024,accessories
SYN0132,other
TRA0008,accessories
NTE0095,accessories
SYN0128,accessories
NOM0010,accessories
LGE0024,display
LGE0030,display
LIF0104,accessories
BEA0032,accessories
LIF0103,accessories
BEA0022,accessories
PLA0015,accessories
PHI0066,accessories
BEA0042,accessories
LGE0025,display
LAC0204,accessories
OWC0172,accessories
OWC0173,accessories
OWC0171,accessories
LOG0194,accessories
OBL0001,other
LEX0024,accessories
TUC0250,accessories
TUC0245,accessories
TUC0246,accessories
TUC0247,accessories
TUC0248,accessories
TUC0249,accessories
TUC0251,accessories
MUV0165,accessories
MOS0175,accessories
MOS0176,accessories
JMO0085,accessories
GRT0408,accessories
LGE0028,display
IFX0038,accessories
JMO0087,accessories
STM0082,accessories
KEN0230,accessories
JMO0086,accessories
SAM0067-A,accessories
LGE0026,display
SEV0035,service
LGE0029,display
LOG0199,other
KIN0150,accessories
KIN0151,accessories
KIN0151-2,accessories
GRT0391,accessories
KIN0153,accessories
LIF0101,accessories
TUC0252,accessories
LOG0196,accessories
LOG0193,accessories
KIN0153-2,accessories
LOG0197,accessories
LOG0198,accessories
WDT0313,accessories
CAI0002,accessories
STM0084,accessories
OWC0180,accessories
KIN0149,accessories
GRT0406,accessories
OWC0176,accessories
SNA0059,accessories
STM0079,accessories
KEN0231,accessories
GRT0396,accessories
GRT0395,accessories
GRT0405,accessories
LGE0031,display
KIN0149-2,accessories
QNA0162,accessories
PAC1371,accessories
QNA0161,accessories
PAC1729,accessories
PAC1731,accessories
OWC0174-2,accessories
OWC0174-4,accessories
APP1459,accessories
APP1475,smartphone
SYN0133,accessories
PAC1361,accessories
PAC1365,accessories
PAC1366,accessories
PAC1367,accessories
OWC0177,accessories
APP1483,tablet
OWC0178,accessories
APP1479,tablet
APP1480,tablet
APP1484,tablet
APP1485,tablet
APP1486,tablet
APP1487,tablet
APP1489,tablet
APP1492,tablet
APP1495,tablet
APP1499,tablet
BOS0034,accessories
OWC0174,accessories
BOS0026,accessories
MYF0006,accessories
BOS0029,accessories
REP0202,service
BOS0031,accessories
WDT0310,accessories
WDT0309,accessories
WDT0169,accessories
WDT0314,accessories
STI0003,accessories
GAM0001,other
QNA0160,other
MAC0119,accessories
MAC0115,accessories
MAC0116,accessories
MAC0112,accessories
MAC0110,accessories
MAC0113,accessories
MAC0114,accessories
MAC0117,accessories
MAC0118,accessories
MAC0101,accessories
MAC0103,accessories
MAC0123,accessories
MAC0124,accessories
QDO0006,accessories
TRA0004-A,accessories
KAN0046,accessories
ELE0005,accessories
BEL0194,accessories
BEL0195,accessories
BEL0196,accessories
BEL0198,accessories
BEL0199,accessories
BEL0200,accessories
BEL0201,accessories
BEL0210,accessories
BEL0211,accessories
BEL0213,accessories
BEL0214,accessories
BEL0215,accessories
BEL0216,accessories
BEL0232,accessories
BEL0233,accessories
BEL0240,accessories
BEL0241,accessories
NTE0025-A,accessories
IHE0011,accessories
SAM0069-A,accessories
ZAG0019,accessories
BEL0202,accessories
APP1208-A,accessories
OWC0153-2,accessories
OWC0153-4,accessories
IHE0014,other
LIF0099,accessories
SAN0157,accessories
IHE0017,accessories
OWC0166,accessories
OWC0164,accessories
LIF0097,accessories
LIF0102,accessories
IHE0016,accessories
NTE0096,accessories
IHE0020,accessories
MOS0179,accessories
IHE0012,accessories
IHE0013,other
IHE0018,accessories
IHE0019,accessories
BEL0184,accessories
APP1509,accessories
APP1510,accessories
APP1520,accessories
APP1767,accessories
AP20105,accessories
AP20100,accessories
APP1513,accessories
APP1514,accessories
APP1522,accessories
APP1523,accessories
APP1525,accessories
APP1532,accessories
APP1538,accessories
APP1542,accessories
BEL0183,accessories
BEL0204,accessories
MAC0111,accessories
BEL0186,accessories
BEL0187,accessories
BEL0189,accessories
BEL0190,accessories
BEL0191,accessories
BEL0192,accessories
BEL0223,accessories
BEL0193,accessories
BEL0203,accessories
BEL0205,accessories
BEL0206,accessories
BEL0207,accessories
BEL0208,accessories
BEL0209,accessories
SAN0170,accessories
SAN0114,accessories
SAN0115,accessories
SAN0116,accessories
SAN0117,accessories
SAN0156,accessories
BEL0226,accessories
BEL0227,accessories
DLL0031,display
BEL0249,accessories
OWC0181,accessories
BEL0236,accessories
BEL0242,accessories
BEL0238,accessories
PAC1389,accessories
BEL0250,accessories
BEL0252,accessories
OWC0181-2,accessories
OWC0181-4,accessories
BEL0243,accessories
BEL0244,accessories
BEL0245,accessories
BEL0246,accessories
BEL0247,accessories
BEL0248,accessories
CEL0022,accessories
CEL0023,accessories
IFX0040,accessories
IFX0041,accessories
IFX0044,accessories
CEL0037,accessories
CEL0038,accessories
TPL0002,accessories
TPL0003,accessories
CEL0030,accessories
CEL0046,accessories
CEL0053,accessories
CEL0035,accessories
OWC0182,accessories
CEL0031,accessories
FIF0004,accessories
LAC0174,accessories
LAC0175,accessories
LAC0176,accessories
TUC0254,accessories
WAC0187,accessories
GRT0413,accessories
MUV0167,accessories
MUV0168,accessories
PAC1392,accessories
PAC1393,accessories
PAC1391,accessories
UAG0032,accessories
TUC0266,accessories
TUC0255,accessories
MOP0069,accessories
MOS0185,accessories
NOM0011,accessories
NOM0012,accessories
BEL0224,accessories
GRT0402,accessories
GRT0403,accessories
GRT0394,accessories
BEL0228,accessories
SHE0031,accessories
SHE0033,accessories
BEL0217,accessories
BEL0219,accessories
GRT0407,accessories
BEL0222,accessories
WDT0319,accessories
TUC0091,accessories
APP1521,accessories
APP1569,laptop
APP1607,laptop
APP1568,laptop
XRI0001,accessories
APP1611,laptop
APP1609,laptop
APP1575,laptop
APP1576,laptop
APP1577,laptop
APP1578,laptop
APP1579,laptop
APP1580,laptop
BEL0188,accessories
MOS0182,accessories
WOE0001,accessories
WOE0002,accessories
WOE0003,accessories
WOE0004,accessories
WOE0005,accessories
WOE0006,accessories
STM0088,accessories
BEL0225,accessories
WAC0184,accessories
APP1570,laptop
PAC1394,accessories
IFX0045,accessories
IFX0039,accessories
IFX0042,accessories
BEL0220,accessories
STM0092,accessories
STM0091,accessories
STM0086,accessories
STM0087,accessories
GRT0409,accessories
GRT0410,accessories
GRT0411,accessories
APP1566,accessories
THU0019,accessories
APP1564,accessories
SEA0097,accessories
WAC0186,tablet
LEX0026,accessories
LEX0027,accessories
LEX0028,accessories
IFX0047,accessories
WDT0318,accessories
WAC0185,tablet
MOS0186,accessories
MOS0187,accessories
LEX0030,accessories
LAC0177,accessories
LAC0178,accessories
TUC0259,accessories
LGE0032,display
IFX0043,accessories
TUC0260,accessories
DLL0034,display
MUV0166,accessories
DLL0038,display
KIN0120,accessories
BEL0182,accessories
LGE0035,display
BEL0185,accessories
GRT0398,accessories
NTE0023-A,accessories
BEL0226-A,accessories
APP1563,accessories
SYN0137,accessories
PAC1434,accessories
PAC1435,accessories
PAC1421,accessories
PAC1424,accessories
PAC1427,accessories
SYN0136,accessories
SYN0134,accessories
PAC1404,accessories
PAC1410,accessories
PAC1411,accessories
OWC0168,accessories
OWC0169,accessories
NTE0097,accessories
NTE0098,accessories
OWC0165,accessories
SPE0162,accessories
SPE0163,accessories
SPE0164,accessories
SPE0165,accessories
LGE0034,display
OTT0121,accessories
OTT0125,accessories
LGE0033,display
MDT0017,accessories
MDT0014,accessories
MDT0015,accessories
MDT0016,accessories
MAC0125,accessories
MAC0126,accessories
ADN0036,accessories
MAC0129,accessories
MAC0130,accessories
ADN0037,accessories
MAC0131,accessories
MAC0132,accessories
PUR0133,accessories
PUR0135,accessories
PUR0138,accessories
PUR0139,accessories
PUR0136,accessories
MUV0170,accessories
TRA0035,accessories
TRA0036,accessories
TRA0037,accessories
TRA0038,accessories
WDT0323,accessories
IFX0049,accessories
IFX0054,accessories
IFX0058,accessories
IFX0114,accessories
IFX0050,accessories
SAN0126,accessories
SAN0127,accessories
SAN0128,accessories
SAN0129,accessories
IFX0052,accessories
IFX0064,accessories
IFX0067,accessories
IFX0069,accessories
IFX0073,accessories
IFX0080,accessories
IFX0087,accessories
IFX0068,accessories
IFX0109,accessories
IFX0071,accessories
IFX0079,accessories
IFX0072,accessories
LUN0006,accessories
IFX0086,accessories
OTT0126,accessories
THU0023,accessories
THU0025,accessories
THU0027,accessories
THU0031,accessories
THU0032,accessories
THU0035,accessories
THU0036,accessories
THU0037,accessories
THU0038,accessories
KEN0234,accessories
KEN0235,accessories
BEL0254,accessories
TRK0001,accessories
TRK0002,accessories
TRK0003,accessories
SPE0166,accessories
SPE0173,accessories
SPE0174,accessories
TUC0269,accessories
HTE0001,accessories
OWC0160,accessories
HTE0002,accessories
HTE0003,accessories
LMP0014,accessories
LOG0201,accessories
LOG0202,accessories
KEN0237,accessories
TWS0092,accessories
KEN0232,accessories
ADN0036-A,accessories
KEN0233,accessories
GRT0414,accessories
MOP0074,accessories
MOP0075,accessories
MOP0080,accessories
MOP0066,accessories
MOP0082,accessories
OTT0127,accessories
OTT0128,accessories
OTT0129,accessories
OTT0130,accessories
OTT0131,accessories
OTT0132,accessories
OTT0133,accessories
OTT0134,accessories
OTT0135,accessories
OTT0136,accessories
OTT0137,accessories
OTT0138,accessories
OTT0139,accessories
OWC0147-A,accessories
LIF0038-A,accessories
WDT0311-A,accessories
PAC1444,accessories
PAC1445,accessories
WDT0311,accessories
TUC0261,accessories
GRT0416,accessories
PAC1466,accessories
GRT0417,accessories
GRT0418,accessories
PAC1469,accessories
IFX0092,accessories
IFX0095,accessories
SYN0140,accessories
PAC1862,accessories
TUC0270,accessories
TUC0271,accessories
TUC0272,accessories
TUC0273,accessories
LAC0179,accessories
IFX0118,accessories
IFX0125,accessories
IFX0126,accessories
IFX0127,accessories
IFX0128,accessories
IFX0129,accessories
IFX0119,accessories
IFX0120,accessories
IFX0130,accessories
OBL0001-A,other
SAN0128-A,accessories
IFX0097,accessories
IFX0098,accessories
IFX0131,accessories
IFX0132,accessories
IFX0133,accessories
IFX0134,accessories
IFX0135,accessories
IFX0136,accessories
IFX0137,accessories
IFX0138,accessories
IFX0139,accessories
IFX0141,accessories
IFX0142,accessories
IFX0144,accessories
JAB0045,accessories
BEL0102,accessories
ELG0039,other
IFX0030,accessories
IFX0046,accessories
MAC0120,accessories
TUC0262,accessories
LAC0180,accessories
QNA0164,accessories
JBL0106,accessories
JBL0107,accessories
MOX0026,accessories
TWS0096,accessories
MOX0027,accessories
QNA0169,accessories
TWS0098,accessories
TWS0097,accessories
SAN0131,accessories
SAN0130,accessories
SAN0133,accessories
WIT0024,display
SYN0141,accessories
PAC1471,accessories
PAC2019,accessories
GRT0419,accessories
KEU0001,accessories
OTT0126-A,accessories
KEU0003,accessories
KEU0004,accessories
BEL0255,accessories
BEL0256,accessories
NOK0001,accessories
NOK0002,other
SAM0097,accessories
IFX0145,accessories
SAM0105,accessories
MOP0083,accessories
SPH0008,other
NEA0010,accessories
NEA0011,accessories
LMP0015,accessories
LIF0106,accessories
LIF0107,accessories
OTT0125-A,accessories
JMO0085-A,accessories
OSM0001,accessories
PLA0017,accessories
DLL0008-A,display
TPL0011,accessories
TPL0012,accessories
TPL0015,accessories
TPL0016,accessories
OSM0004,accessories
TPL0006,other
TPL0018,other
TPL0019,accessories
TPL0020,accessories
TPL0021,accessories
TPL0022,accessories
GRT0386-A,accessories
TPL0013,accessories
IAM0001,other
LAC0181,accessories
LAC0183,accessories
IAM0003,other
LAC0182,accessories
LAC0184,accessories
IOT0016,accessories
IOT0017,accessories
KIN0155,accessories
KIN0156,accessories
KIN0157,accessories
CRU0045,accessories
CRU0046,accessories
CRU0047,accessories
PAC1482,accessories
PAC1483,accessories
PAC1484,accessories
PAC1487,accessories
PAC1488,accessories
PAC1491,accessories
PAC1492,accessories
PAC1493,accessories
PAC1494,accessories
PAC1495,accessories
PAC1497,accessories
IOT0018,accessories
BNQ0043,display
BNQ0044,display
BNQ0045,display
TWS0099,accessories
SAN0137,accessories
SAN0138,accessories
SAN0139,accessories
BNQ0046,display
LAC0186,accessories
NTE0056,accessories
GTE0056,accessories
GTE0132,accessories
GTE0057,accessories
GTE0058,accessories
GTE0059,accessories
GTE0134,accessories
GTE0054,accessories
GTE0062,accessories
GTE0063,accessories
EIZ0011,display
EIZ0012,accessories
GTE0066,accessories
GTE0072,accessories
CRU0048,accessories
GTE0073,accessories
CRU0048-2,accessories
GTE0075,accessories
SAM0109,accessories
GTE0070,accessories
GTE0069,accessories
GTE0071,accessories
TPL0024,accessories
TPL0025,accessories
SAN0140,accessories
TPL0026,accessories
TPL0027,accessories
SAN0141,accessories
SAN0142,accessories
SAN0143,accessories
LAC0192,accessories
LAC0191,accessories
LAC0193,accessories
TPL0029,accessories
TPL0030,accessories
IOT0013,accessories
SOF0124,accessories
SYN0142,accessories
APP1622,accessories
APP1623,accessories
BEL0258,accessories
BEL0259,accessories
KAN0047,accessories
BEL0260,accessories
LOG0208,accessories
BEL0257,accessories
SYN0144,accessories
SYN0150,other
BEL0262,accessories
BEL0263,accessories
PAC1498,accessories
MIC0031,software
WDT0335,accessories
SYN0154,accessories
LAC0194,accessories
MUJ0006,accessories
MUJ0007,accessories
LOG0211,accessories
SYN0146,accessories
QNA0171,accessories
PAC1499,accessories
PAC1510,accessories
QNA0172,accessories
OWC0166-A,accessories
QNA0148-A,accessories
WDT0338,accessories
WDT0336,accessories
WDT0337,accessories
WDT0373,accessories
LEX0031,accessories
LEX0032,accessories
LEX0033,accessories
MUV0174,accessories
MUV0175,accessories
MUV0176,accessories
MUV0177,accessories
MUV0178,accessories
OWC0097-A,accessories
WIT0025,other
WIT0026,other
ZAG0022,accessories
WIT0027,other
GRT0420,accessories
PUR0149,accessories
PUR0143,accessories
PUR0146,accessories
PUR0148,accessories
PUR0142,accessories
PUR0144,accessories
SHE0036,accessories
SHE0037,accessories
SHE0034,accessories
SHE0035,accessories
SHE0038,accessories
SHE0039,accessories
IFR0007,accessories
SPE0182,accessories
GRT0423,accessories
SPE0178,accessories
GRT0424,accessories
GRT0425,accessories
SPE0181,accessories
SPE0180,accessories
GRT0426,accessories
GRT0428,accessories
SPE0177,accessories
GRT0429,accessories
GRT0430,accessories
GRT0431,accessories
GRT0432,accessories
GRT0434,accessories
GRT0444,accessories
OWC0076-A,accessories
MUJ0018,accessories
OTT0140,accessories
OTT0142,accessories
OTT0143,accessories
OTT0144,accessories
APP1639,smartphone
APP1643,smartphone
OTT0150,accessories
UAG0039,accessories
APP1744,tablet
APP1743,tablet
APP1742,tablet
MUJ0010,accessories
MUJ0011,accessories
MUJ0017,accessories
APP1659,smartphone
OTT0151,accessories
APP1658,smartphone
OTT0152,accessories
APP1656,smartphone
APP1657,smartphone
MUJ0013,accessories
APP1655,smartphone
APP1653,smartphone
APP1652,smartphone
OTT0155,accessories
OTT0156,accessories
APP1638,smartphone
APP1642,smartphone
OTT0157,accessories
APP1640,smartphone
APP1644,smartphone
OTT0158,accessories
APP1641,smartphone
APP1645,smartphone
APP1646,smartphone
APP1651,smartphone
APP1628,smartphone
APP1634,smartphone
APP1629,smartphone
APP1624,smartphone
APP1635,smartphone
APP1625,smartphone
APP1630,smartphone
APP1636,smartphone
APP1626,smartphone
APP1631,smartphone
APP1637,smartphone
APP1627,smartphone
APP1632,smartphone
OTT0146,accessories
OTT0147,accessories
OTT0154,accessories
LGE0037,display
SYN0143,accessories
SEA0095,accessories
LGE0038,display
APP1670,accessories
APP1671,accessories
APP1672,accessories
APP1673,accessories
APP1676,accessories
APP1677,accessories
APP1660,accessories
APP1661,accessories
APP1663,accessories
APP1666,accessories
APP1667,accessories
APP1680,accessories
APP1696,accessories
APP1681,accessories
APP1682,accessories
APP1669,accessories
APP1683,accessories
APP1684,accessories
APP1685,accessories
APP1772,accessories
APP1687,accessories
APP1688,accessories
APP1689,accessories
APP1690,accessories
APP1691,accessories
APP1679,accessories
APP1770,accessories
EVU0002,accessories
DLK0130,camera
APP1803,accessories
APP1771,accessories
APP1695,accessories
SAM0110,display
TUC0274,accessories
TUC0275,accessories
TUC0276,accessories
TUC0284,accessories
TUC0285,accessories
TUC0277,accessories
TUC0286,accessories
TUC0287,accessories
TUC0288,accessories
TUC0290,accessories
TUC0291,accessories
MOS0189,accessories
TUC0282,accessories
TUC0283,accessories
MOS0191,accessories
MOS0192,accessories
MOS0197,accessories
MOS0194,accessories
MOS0195,accessories
MOS0199,accessories
MOS0205,accessories
MOS0206,accessories
MOS0200,accessories
MOS0204,accessories
MOS0209,accessories
MOS0210,accessories
MOS0211,accessories
MOS0207,accessories
MOS0208,accessories
SAN0148,accessories
MOS0212,accessories
SAN0149,accessories
SAN0150,accessories
SAN0151,accessories
MOS0213,accessories
MOS0214,accessories
SEA0093,accessories
SEA0094,accessories
TRK0004,accessories
TRK0005,accessories
KEN0239,accessories
SAN0152,accessories
NOD0001,accessories
NOD0002,accessories
NOD0003,accessories
NOD0004,accessories
SAN0153,accessories
SAN0154,accessories
WAC0193,accessories
WAC0195,accessories
WAC0196,accessories
WAC0191,accessories
WAC0192,accessories
WAC0197,accessories
WAC0199,accessories
BEL0285,accessories
BEL0286,accessories
BEL0275,accessories
BEL0287,accessories
BEL0288,accessories
BEL0289,accessories
BEL0290,accessories
BEL0291,accessories
BEL0292,accessories
BEL0265,accessories
BEL0276,accessories
BEL0266,accessories
BEL0267,accessories
BEL0268,accessories
BEL0277,accessories
BEL0269,accessories
BEL0278,accessories
BEL0270,accessories
BEL0271,accessories
BEL0272,accessories
BEL0273,accessories
BEL0274,accessories
APP1754,accessories
APP1756,accessories
APP1758,accessories
APP1762,accessories
APP1763,accessories
APP1764,accessories
APP1765,accessories
APP1766,accessories
APP1768,accessories
APP1769,accessories
GRT0435,accessories
GRT0436,accessories
GRT0437,accessories
GRT0438,accessories
GRT0422,accessories
APP1773,smartwhatch
GRT0439,accessories
APP1779,smartwhatch
APP1780,smartwhatch
APP1699,smartwhatch
APP1713,smartwhatch
APP1729,smartwhatch
APP1782,accessories
APP1801,accessories
GRT0440,accessories
LOG0205,accessories
BEL0279,accessories
ZAG0023,accessories
BEL0282,accessories
BEL0280,accessories
BEL0283,accessories
GRT0442,accessories
GRT0441,accessories
GRT0443,accessories
GRT0339,accessories
CRU0049,accessories
GRT0448,accessories
SAN0155,accessories
MOS0215,accessories
IKM0053,accessories
PHI0069,accessories
OWC0183,accessories
OWC0184,accessories
OWC0185,accessories
OWC0187,accessories
PHI0071,accessories
PHI0070,accessories
OWC0188,accessories
PAC1525,accessories
APP1916,accessories
OWC0177-A,accessories
LGE0039,display
BEA0053,accessories
BEA0054,accessories
BEA0049,accessories
BEA0050,accessories
BEA0052,accessories
BEA0055,accessories
BEA0057,accessories
BEA0048,accessories
BEA0060,accessories
BEA0061,accessories
BEA0062,accessories
BOS0037,accessories
BOS0038,accessories
BNQ0032-A,display
LAC0195,accessories
LAC0196,accessories
LAC0197,accessories
RAI0011,accessories
RAI0007,accessories
BOS0043,accessories
BOS0044,accessories
BEA0065,accessories
PAR0060,accessories
RAI0013,accessories
LAC0202,accessories
LAC0205,accessories
OWC0172-A,accessories
TUC0285-A,accessories
APP0405-A,accessories
WDT0341,accessories
WDT0342,accessories
WDT0343,accessories
LGE0040,display
IKM0056,accessories
SNA0060,accessories
SNA0061,accessories
OLL0017,accessories
OWC0168-A,accessories
OLL0018,accessories
OLL0019,accessories
DRO0020,accessories
IFX0146,accessories
IFX0147,accessories
IFX0148,accessories
IFX0150,accessories
APP1740,smartwhatch
APP1741,smartwhatch
ADN0038,accessories
ADN0039,accessories
ADN0040,accessories
ADN0042,accessories
OTT0153,accessories
GTE0050,accessories
SAN0163,accessories
APP1806,laptop
APP1832,laptop
APP1833,laptop
APP1834,laptop
APP1836,laptop
APP1841,laptop
APP1807,laptop
APP1808,laptop
APP1847,laptop
APP1848,laptop
APP1854,laptop
APP1859,laptop
APP1810,laptop
APP1868,laptop
APP1869,laptop
APP1870,laptop
APP1871,laptop
APP1872,laptop
APP1873,laptop
APP1885,laptop
APP1812,laptop
APP1894,laptop
APP1899,laptop
APP1901,laptop
APP1919,laptop
APP1804,laptop
APP1805,laptop
APP1815,laptop
APP1816,laptop
APP1818,laptop
APP1824,laptop
APP1915,accessories
APP1914,accessories
APP1913,accessories
MAC0117-A,accessories
OTR0025-A,accessories
OTT0146-A,accessories
SAN0164,accessories
JBL0113,accessories
JBL0115,accessories
ELG0040,accessories
JBL0116,accessories
JBL0117,accessories
ELG0041,other
JBL0119,accessories
JBL0118,accessories
LMP0017,accessories
HTE0004,other
OWC0196,accessories
LOG0219,accessories
LOG0220,accessories
LOG0221,accessories
LAC0211,accessories
LAC0213,accessories
KAI0001,camera
LIF0073-A,accessories
SEA0096,accessories
MOP0085,accessories
TPL0031,accessories
KAN0049,accessories
SPH0011,accessories
KIN0150-A,accessories
SPH0010,accessories
LAC0218,accessories
SAN0158,accessories
SAN0171,accessories
SAN0168,accessories
STA0026,accessories
STA0027,accessories
SAT0001,accessories
PAC1554,accessories
SAT0002,accessories
SAT0003,accessories
SAT0004,accessories
SAT0005,accessories
APP1950,laptop
PAC1526,accessories
PAC1527,accessories
PAC1528,accessories
SAT0006,accessories
SAT0007,accessories
PAC1530,accessories
PAC1531,accessories
PAC1535,accessories
PAC1536,accessories
SAT0008,accessories
PAC1538,accessories
PAC1539,accessories
SAT0009,accessories
PAC1542,accessories
PAC1543,accessories
PAC1544,accessories
PAC1550,accessories
SAT0015,accessories
PAC1552,accessories
SAT0016,accessories
SAT0017,accessories
SAT0014,accessories
SAT0019,accessories
SAT0020,accessories
LOG0218,accessories
WOE0007,accessories
WOE0008,accessories
OWC0202,accessories
MAC0124-A,accessories
SAT0021,accessories
SAT0010,accessories
SAT0011,accessories
SAT0024,accessories
SAT0025,accessories
SAT0027,accessories
SAT0028,accessories
SAT0029,accessories
SAT0030,accessories
SAT0022,accessories
HTE0008,accessories
OWC0206,accessories
SAT0026,accessories
SAT0035,accessories
SAT0033,accessories
SAT0036,accessories
SAT0031,accessories
SAT0032,accessories
SAT0012,accessories
SAT0013,accessories
OWC0207,accessories
OWC0208,accessories
OWC0209,accessories
NTE0101,accessories
SEA0100,accessories
SEA0101,accessories
JAW0042,display
MOP0094,accessories
LGE0041,display
BNQ0036-A,display
WDT0345,accessories
WDT0346,accessories
WDT0347,accessories
WDT0348,accessories
WDT0349,accessories
WDT0350,accessories
WDT0351,accessories
WDT0352,accessories
WDT0353,accessories
WDT0355,accessories
WDT0357,accessories
WDT0358,accessories
WDT0359,accessories
WDT0360,accessories
WDT0362,accessories
WDT0363,accessories
WDT0364,accessories
OWC0138-A,accessories
WDT0365,accessories
WDT0366,accessories
WDT0367,accessories
WDT0368,accessories
LGE0043,display
LGE0044,display
WDT0369,accessories
WDT0370,accessories
WDT0371,accessories
LGE0046,display
LGE0042,display
PEB0009,smartwhatch
PAC1555,accessories
QNA0198,accessories
SEA0102,accessories
SEA0103,accessories
SEA0104,accessories
SEA0098,accessories
SEA0099,accessories
SEA0092,accessories
SEA0109,accessories
QNA0197,accessories
MAC0116-A,accessories
SAT0037,accessories
SAT0038,accessories
SAT0040,accessories
SAT0041,accessories
SAT0042,accessories
SAT0043,accessories
BEL0264,accessories
BEL0369,accessories
PAR0067,other
QNA0193,accessories
SAT0044,accessories
TIG0019-A,accessories
WDT0312-A,accessories
GTE0079,accessories
OWC0210,accessories
SAT0046,accessories
XOO0003,accessories
XOO0004,accessories
MAC0132-A,accessories
PAC1867,accessories
QNA0192,accessories
XOO0005,accessories
XOO0006,accessories
QNA0221,accessories
OWC0204,accessories
KUA0016-A,accessories
GRT0451,accessories
KAN0051,accessories
OWC0205,accessories
BEL0228-A,accessories
SAN0167,accessories
SAN0166,accessories
SAN0137-A,accessories
STA0028,accessories
STA0029,accessories
STA0030,accessories
STA0032,accessories
STA0036,accessories
STA0033,accessories
STA0034,accessories
STA0035,accessories
ELG0042,accessories
DLK0068-A,accessories
STA0042,accessories
STA0054,accessories
STA0044,accessories
STA0041,accessories
STA0048,accessories
STA0045,accessories
BNQ0047,display
STA0043,accessories
TPL0032,accessories
STA0056,accessories
STA0057,accessories
TAM0006,accessories
BOS0045,accessories
NTE0102,accessories
NTE0103,accessories
LEE0010,accessories
NTE0104,accessories
NTE0105,accessories
STA0037,accessories
STA0038,accessories
STA0039,accessories
NTE0106,accessories
STA0040,accessories
STA0046,accessories
STA0052,accessories
KIN0149-A,accessories
STA0053,accessories
LGE0038-A,display
STA0049,accessories
TPL0033,other
STA0050,accessories
STA0051,accessories
TPL0034,accessories
TUC0302,accessories
TUC0303,accessories
TUC0304,accessories
TUC0305,accessories
TUC0306,accessories
TUC0307,accessories
SYN0156,accessories
TUC0292,accessories
BLM0011,accessories
TUC0296,accessories
TUC0293,accessories
TUC0297,accessories
PAR0068,accessories
PAC1890,accessories
PAC1891,accessories
PAC1898,accessories
PAC1874,accessories
PAC1901,accessories
PAC1879,accessories
PAC1882,accessories
PAC1883,accessories
PAC1884,accessories
IFX0017-A,accessories
ZAG0018-A,accessories
APP1913-A,accessories
SAM0110-A,display
SAN0161,accessories
SAN0165,accessories
PAC1917,pc
SAT0002-A,accessories
PAC1910,pc
PAC1913,pc
SEA0105,accessories
LAC0173,accessories
SAT0005-A,accessories
PAC1911,pc
PAC1912,pc
NTE0039-A,accessories
TUC0249-A,accessories
PAC1918,pc
PAC1920,pc
PAC1927,pc
SAN0116-A,accessories
WIT0017-A,smartwhatch
BEL0227-A,accessories
SYN0141-A,accessories
PAC1907,accessories
PAC1906,accessories
OTT0098-A,accessories
LGE0024-A,display
BEL0294,accessories
HTE0005,accessories
WAC0214,tablet
WAC0215,tablet
PIE0079,accessories
PIE0081,accessories
XDO0031,accessories
XDO0030,accessories
XDO0032,accessories
WAC0216,tablet
XDO0029,accessories
WAC0218,tablet
WAC0220,tablet
WAC0217,tablet
XDO0033,accessories
XDO0035,accessories
XDO0034,accessories
XDO0037,accessories
LIF0108,accessories
LIF0117,accessories
LIF0116,accessories
LIF0111,accessories
LIF0113,accessories
LIF0110,accessories
LIF0109,accessories
LIF0112,accessories
APP1039-A,accessories
CRU0044,accessories
LAC0208,accessories
APP1577-A,laptop
APP0924-A,pc
QNA0203,accessories
COG0011-A,smartwhatch
WDT0331-A,accessories
WAC0222,tablet
PRO0016,accessories
BEL0127,accessories
BEL0234,accessories
SYN0157,other
EIZ0013,display
GTE0081,accessories
EIZ0017,display
EIZ0015,display
EIZ0016,display
PUR0144-A,accessories
GRT0427-A,accessories
SAT0003-A,accessories
APP1129-A,accessories
GTE0089,accessories
EIZ0018,display
KEN0237-A,accessories
CRU0047-A,accessories
APP1374-A,pc
EIZ0022,accessories
OWC0123-A,accessories
OWC0185-A,accessories
EIZ0020,display
BEL0296,accessories
STA0032-A,accessories
JBL0134,accessories
JBL0133,accessories
TWS0104,accessories
TWS0105,accessories
JBL0121,accessories
JBL0122,accessories
HAR0014,accessories
MUJ0025,other
APP1899-A,laptop
MUJ0026,other
MUJ0020,accessories
MUJ0024,accessories
MUJ0023,accessories
MUJ0022,accessories
SYN0121-A,accessories
ELA0001,accessories
ELA0002,accessories
ELA0014,accessories
ELA0008,accessories
ELA0009,accessories
ELA0016,accessories
ELA0018,accessories
ELA0017,accessories
ELA0019,accessories
ELA0004,accessories
ELA0012,accessories
ELA0013,accessories
8MO0001,accessories
TRK0005-A,accessories
8MO0002,accessories
8MO0003,accessories
8MO0004,accessories
OLI0001,accessories
8MO0005,accessories
8MO0006,accessories
ELA0015,accessories
ELA0005,accessories
TWS0106,accessories
SAN0143-A,accessories
SPE0132-A,accessories
LOG0222,accessories
APP1958,accessories
KEN0241,accessories
KEN0242,accessories
NEA0012,camera
TWS0107,accessories
LEX0034,accessories
LEX0035,accessories
LEX0036,accessories
GRT0446,accessories
GRT0447,accessories
NEA0013,accessories
PIE0082,accessories
JBL0112,accessories
JBL0114,accessories
BLL0004-A,accessories
LEX0006,accessories
IOT0019,accessories
JAW0042-A,display
SAN0064-A,accessories
PHI0073,accessories
APP1835-A,laptop
NOM0017,accessories
NOM0018,accessories
NOM0015,accessories
NOM0016,accessories
SPE0183,accessories
SPE0184,accessories
SPE0185,accessories
SPE0186,accessories
NOM0020,accessories
DLK0132,accessories
NOM0019,accessories
OWC0211,accessories
WAC0223,tablet
WAC0224,tablet
HOW0001,other
GLY0001,accessories
PHI0074,accessories
GLY0003,accessories
TUC0268-A,accessories
PHI0075,accessories
QNA0208,accessories
REP0294,service
REP0317,service
QNA0206,accessories
REP0295,service
QNA0210,accessories
PAC2180,accessories
SEA0097-A,accessories
SEA0103-A,accessories
BEL0225-A,accessories
WDT0242-A,accessories
IOT0007-A,accessories
LEX0035-A,accessories
APP1804-A,accessories
THU0039,accessories
THU0040,accessories
THU0041,accessories
THU0042,accessories
THU0043,accessories
THU0044,accessories
NDA0001,accessories
NDA0002,accessories
NDA0003,accessories
NDA0004,accessories
SXA0010,accessories
NTE0048-A,accessories
SXA0005,accessories
STK0001,accessories
STK0002,accessories
STK0004,accessories
STK0006,accessories
STK0007,accessories
STK0009,accessories
SEA0105-A,accessories
TPL0017-A,accessories
AP20022,pc
STK0008,accessories
WAC0225,accessories
APP1960,smartphone
APP1962,smartphone
APP1961,smartphone
APP1963,smartphone
APP1964,smartphone
APP1968,tablet
APP1965,smartphone
APP1966,smartphone
APP1967,smartphone
APP1970,tablet
APP1972,tablet
APP1969,tablet
APP1971,tablet
APP1973,tablet
APP1974,tablet
APP1975,tablet
APP1976,tablet
APP1978,tablet
APP1979,tablet
APP1981,smartphone
APP1982,smartphone
APP1959,smartphone
APP1997,smartwhatch
APP2006,accessories
APP2167,accessories
APP2008,accessories
APP2009,accessories
APP2010,accessories
APP1983,accessories
APP1990,accessories
APP1991,accessories
WAC0228,accessories
WAC0230,accessories
APP1984,accessories
APP1985,accessories
APP1988,accessories
WAC0231,accessories
APP1986,accessories
APP1989,accessories
APP1992,accessories
SXA0014,accessories
WAC0227,accessories
WAC0229,accessories
WAC0235,accessories
WAC0236,accessories
BEZ0191-A,accessories
STM0091-A,accessories
HOC0010,accessories
HOC0008,accessories
HOC0007,accessories
PAC1925,pc
HOC0001,accessories
MAT0002,accessories
HOC0002,accessories
MAT0001,accessories
HOC0003,accessories
HOC0004,accessories
HOC0005,accessories
HOC0006,accessories
STC0002,accessories
LAC0222,accessories
LAC0223,accessories
LAC0224,accessories
PAC1932,pc
SAT0045,accessories
LAC0219,accessories
LAC0220,accessories
LAC0221,accessories
SAT0048,accessories
SAT0047,accessories
PAC1931,pc
PAC1928,pc
OWC0213,accessories
OWC0214,accessories
OWC0215,accessories
OWC0216,accessories
OWC0217,accessories
LAC0225,accessories
DLL0044,display
DLL0042,display
DLL0043,display
DLL0045,display
SNN0050,accessories
ELG0043,accessories
PLA0018,accessories
HTE0007,accessories
SAT0023,accessories
GRT0458,accessories
GRT0460,accessories
QNA0214,accessories
QNA0217,accessories
QNA0219,accessories
STA0058,accessories
GRT0453,accessories
GRT0457,accessories
GRT0459,accessories
GRT0455,accessories
GRT0456,accessories
PLA0019,accessories
PLA0020,accessories
PLA0021,accessories
PLA0023,accessories
PLA0024,accessories
WDT0375,accessories
WDT0376,accessories
PLA0025,accessories
BOO0084,accessories
BOO0086,accessories
BOO0085,accessories
PLA0027,accessories
PLA0028,accessories
WAC0203,accessories
WAC0204,accessories
WAC0205,accessories
WAC0206,accessories
MUJ0018-A,accessories
IFX0150-A,accessories
ELA0020,accessories
ELA0021,accessories
MUV0155-A,accessories
ELA0022,accessories
SPE0184-A,accessories
LEX0036-A,accessories
WDT0169-A,accessories
DLL0046,display
OWC0206-A,accessories
SEA0100-A,accessories
NTE0109-A,accessories
QNA0066-A,accessories
LIF0070-A,accessories
TWS0107-A,accessories
APP1565,accessories
OWC0180-A,accessories
APP1195-A,tablet
BEZ0204,accessories
BEZ0205,accessories
BEZ0207,accessories
BEZ0208,accessories
BEZ0209,accessories
BEZ0212,accessories
BEZ0213,accessories
BEZ0214,accessories
DRO0024,accessories
LMP0019,accessories
LMP0018,accessories
LEX0038,accessories
LOG0223,accessories
DOD0001,other
LOG0225,accessories
LOG0227,accessories
ALL0003,accessories
ALL0004,accessories
ALL0005,accessories
ALL0006,accessories
ALL0007,accessories
ALL0008,accessories
ALL0009,accessories
LOG0228,accessories
LOG0229,accessories
SAT0049,accessories
PAC2043,pc
SYN0163,accessories
PAC1990,accessories
PAC1995,accessories
PAC2006,accessories
PAC2007,accessories
PAC2044,pc
PAC2045,smartphone
PAC2046,smartphone
PAC2047,smartphone
PAC2048,pc
PAC2053,pc
PAC2054,pc
TRA0028-A,other
QNA0210-A,accessories
LAC0224-A,accessories
AP20079,laptop
AP20073,laptop
AP20075,laptop
AP20077,laptop
AP20078,laptop
PAC2055,pc
SYN0162,accessories
PAC1972,accessories
PAC1979,accessories
PAC2060,pc
AP20091,tablet
AP20107,accessories
AP20082,tablet
HOC0011,accessories
ELA0023,accessories
ELA0024,accessories
ELA0026,accessories
ELA0027,accessories
HOC0012,accessories
HOC0013,accessories
HOC0014,accessories
ELA0033,accessories
ELA0034,accessories
ELA0032,accessories
ELA0029,accessories
AP20094,accessories
AKI0007,accessories
PAC2057,pc
AP20102,accessories
PAC2056,pc
AP20140,other
AP20142,other
AP20153,pc
AP20150,pc
ELA0028,accessories
APP1204,other
AP20097,smartphone
AP20172,smartphone
AP20164,smartphone
AP20174,smartphone
AP20168,smartphone
AP20169,smartphone
AP20170,smartphone
AP20178,smartphone
AP20138,accessories
AP20139,accessories
AP20143,accessories
AP20181,smartphone
AP20144,accessories
AP20185,tablet
AP20188,smartphone
AP20106,accessories
AP20148,accessories
AP20108,accessories
AP20109,accessories
AP20110,accessories
AP20137,accessories
AP20114,accessories
AP20116,accessories
AKI0008,accessories
PHI0076,accessories
AKI0009,accessories
ELA0030,accessories
ELA0031,accessories
ELA0037,accessories
ELA0038,accessories
AP20120,accessories
AP20122,accessories
AP20124,accessories
AP20125,accessories
AP20129,accessories
AKI0012,accessories
AKI0013,accessories
AKI0014,accessories
KAN0025-A,accessories
NTE0050-A,accessories
OTT0095-A,accessories
AKI0019,accessories
AKI0021,accessories
APP1511,accessories
APP1512,accessories
APP1526,accessories
AKI0015,accessories
AP20131,accessories
ADN0043,accessories
ADN0044,accessories
ADN0046,accessories
TUC0312,accessories
TUC0309,accessories
TUC0310,accessories
LGE0052,display
LGE0049,display
LGE0055,display
LGE0051,display
SSE0001,other
SSE0002,other
LGE0057,display
SSE0003,accessories
LAC0226,accessories
APP2084,pc
PAC2131,pc
PAC2133,pc
APP2238,pc
PAC2132,pc
PAC2134,pc
PAC2136,pc
APP2218,pc
APP2220,pc
PAC2098,pc
PAC2100,pc
PAC2085,pc
PAC2089,pc
APP2219,pc
PAC2093,pc
PAC2099,pc
PAC2101,pc
PAC2103,pc
APP2083,pc
APP2210,pc
PAC2130,pc
PAC2129,pc
PAC2068,pc
PAC2070,pc
PAC2069,pc
APP2211,pc
PAC2072,pc
PAC2137,pc
APP2085,pc
PAC2139,pc
PAC2141,pc
APP2239,pc
PAC2140,pc
PAC2142,pc
APP2226,pc
PAC2116,pc
PAC2118,pc
PAC2120,pc
PAC2122,pc
APP2223,pc
PAC2105,pc
PAC2107,pc
PAC2109,pc
APP2225,pc
PAC2111,pc
PAC2113,pc
PAC2115,pc
APP2227,pc
PAC2117,pc
PAC2119,pc
PAC2121,pc
APP2229,pc
PAC2125,pc
PAC2127,pc
LAC0227,accessories
APP2076,laptop
APP2256,laptop
APP2258,laptop
APP2260,laptop
APP2264,laptop
APP2267,laptop
APP2270,laptop
APP2272,laptop
APP2275,laptop
APP2277,laptop
APP2078,laptop
APP2287,laptop
APP2289,laptop
APP2077,laptop
APP2079,laptop
APP2080,pc
APP2231,pc
APP2182,pc
APP2183,pc
APP2068,laptop
APP2313,laptop
APP2315,laptop
APP2319,laptop
APP2321,laptop
APP2323,laptop
APP2328,laptop
APP2070,laptop
APP2318,laptop
APP2320,laptop
APP2069,laptop
APP2071,laptop
APP2343,laptop
APP2342,laptop
APP2344,laptop
APP2346,laptop
APP2351,laptop
APP2088,accessories
APP2092,accessories
APP2111,tablet
APP2112,tablet
APP2113,tablet
APP2117,accessories
APP2118,tablet
APP2114,tablet
APP2119,tablet
APP2115,tablet
APP2122,tablet
APP2120,tablet
APP2125,tablet
APP2126,tablet
APP2129,tablet
APP2127,tablet
APP2128,tablet
APP2135,tablet
APP2130,tablet
APP2132,tablet
APP2133,tablet
APP2136,tablet
APP2137,tablet
APP2140,tablet
APP2138,tablet
APP2142,tablet
APP2143,tablet
APP2144,tablet
APP2145,tablet
APP2149,tablet
APP2150,tablet
APP2146,tablet
APP2148,tablet
APP2058,laptop
APP2059,laptop
APP2060,laptop
APP2063,laptop
APP2064,laptop
APP2406,laptop
APP2408,laptop
APP2425,laptop
APP2431,laptop
APP2435,laptop
APP2417,laptop
APP2428,laptop
APP2139,tablet
APP2066,laptop
APP2094,accessories
SNN0055,accessories
APP2086,accessories
GTE0093,accessories
APP2102,accessories
GTE0097,accessories
APP2110,accessories
GTE0094,accessories
GTE0095,accessories
GTE0096,accessories
GTE0098,accessories
GTE0100,accessories
GTE0101,accessories
APP2199,pc
APP2197,pc
APP2082,pc
APP2233,pc
APP2234,pc
APP2237,pc
APP2194,pc
APP2195,pc
APP2191,pc
APP2205,pc
APP2081,pc
APP2232,pc
APP2185,pc
APP2187,pc
APP2246,laptop
APP2248,laptop
APP2249,laptop
APP2250,laptop
APP2067,laptop
OWC0218,accessories
OWC0219,accessories
OWC0220,accessories
OWC0220-2,accessories
OWC0219-4,accessories
OWC0219-2,accessories
OWC0218-2,accessories
GLY0004,accessories
GLY0020,accessories
GLY0011,accessories
GLY0016,accessories
GLY0017,accessories
APP2380,laptop
SAT0050,accessories
SAT0051,accessories
PAC2143,pc
PAC2153,pc
APP2012,pc
APP2013,pc
PAC1940,pc
APP2015,pc
PAC1941,pc
PAC1942,pc
APP2016,pc
PAC1943,pc
SNN0056,accessories
ELG0044,display
SNN0060,accessories
APP2176,accessories
APP2177,accessories
APP2160,accessories
APP2161,accessories
APP2165,accessories
APP2168,accessories
APP2169,accessories
APP2179,accessories
APP2170,accessories
APP2171,accessories
APP2158,accessories
APP2159,accessories
APP2173,accessories
APP2174,accessories
APP2155,accessories
APP1977-A,tablet
STA0020-A,accessories
SEA0104-A,accessories
CRU0015-2-A,accessories
GRT0416-A,accessories
HTE0004-A,other
HOC0003-A,accessories
LAC0165-A,accessories
LIF0110-A,accessories
KIN0160,accessories
KIN0161,accessories
KIN0162,accessories
TPL0035,accessories
BNQ0053,display
KAN0053,accessories
BNQ0049,display
BNQ0050,display
LGE0054,display
LGE0056,display
LMP0020,accessories
LMP0021,accessories
LMP0022,accessories
LMP0023,accessories
QNA0222,accessories
PAC2164,accessories
PAC2171,accessories
BOS0049,accessories
BOS0050,accessories
QNA0220,accessories
PAC1696,accessories
TUC0313,accessories
TUC0315,accessories
TAD0001,accessories
OWC0225,accessories
OWC0226,accessories
AP20215,smartwhatch
TUC0316,accessories
IOT0020,accessories
DLK0133,camera
AP20192,other
AP20193,accessories
AP20194,accessories
AP20201,accessories
AP20203,accessories
AP20209,accessories
LAC0228,accessories
BOS0053,accessories
BOS0047,accessories
BOS0048,accessories
PRY0001,accessories
PRY0002,accessories
PRY0003,accessories
SPE0187,accessories
SPE0188,accessories
SPE0190,accessories
BEL0297,accessories
WAC0191-A,accessories
JBL0123,accessories
JBL0124,accessories
ICA0080,accessories
ICA0077,accessories
ICA0081,accessories
ICA0079,accessories
ICA0078,accessories
POL0007,printer
POL0008,printer
IFX0153,accessories
DVI0002,accessories
SAN0174,accessories
SAN0175,accessories
SAN0177,accessories
SAN0178,accessories
JBL0125,accessories
JMO0084-A,accessories
TPL0012-A,accessories
QNA0161-A,accessories
LAC0186-A,accessories
APP2073-A,laptop
IFX0164,accessories
IFX0165,accessories
IFX0168,accessories
IFX0163,accessories
CYB0002,accessories
IFX0158,accessories
IFX0159,accessories
CYB0003,accessories
IFX0160,accessories
IFX0161,accessories
CYB0004,accessories
AP20218,tablet
AP20222,tablet
DRO0025,accessories
AP20226,pc
AP20227,pc
AP20232,laptop
AP20233,laptop
AP20234,laptop
OWC0233-2,accessories
OWC0234-2,accessories
OWC0235-2,accessories
AP20249,smartphone
OWC0235-4,accessories
OWC0235-8,accessories
AP20237,laptop
AP20238,laptop
AP20241,laptop
OWC0194-2,accessories
AP20254,smartphone
WDT0377,accessories
AP20255,smartphone
AP20258,smartphone
WDT0378,accessories
WDT0379,accessories
WDT0380,accessories
SYN0165,extended,warranty
JBL0128,accessories
JBL0129,accessories
AP20186,accessories
AP20118,accessories
AP20119,accessories
AP20127,accessories
APP2007,accessories
AP20265,accessories
AP20266,accessories
AP20273,accessories
AP20279,other
AP20280,other
AP20281,other
AP20282,other
AP20283,other
AP20287,accessories
POL0010,accessories
MAC0136,accessories
AP20219,tablet
GOP0090,camera
APP2440,smartphone
AP20024,pc
BEL0218,accessories
BEZ0185,accessories
WAC0240,accessories
TRN0008,accessories
TUC0318,accessories
TUC0319,accessories
MIN0001,accessories
MIN0002,accessories
MIN0003,accessories
WIK0002,accessories
TUC0325,accessories
TUC0326,accessories
TUC0327,accessories
TUC0329,accessories
TUC0330,accessories
TUC0331,accessories
TUC0332,accessories
TUC0336,accessories
TUC0337,accessories
TUC0333,accessories
TUC0334,accessories
LAC0233,accessories
CRU0052,accessories
WAC0205-A,accessories
CRU0053,accessories
JBL0123-A,accessories
SEA0098-A,accessories
SYN0168,accessories
LAC0230,accessories
LAC0231,accessories
LGE0061,display
WDT0381,accessories
WDT0382,accessories
WDT0386,accessories
APP2444,smartwhatch
WDT0383,accessories
AKI0015-A,accessories
SEA0099-A,accessories
QNA0211-A,accessories
LOG0181,accessories
GRT0407-A,accessories
TUC0305-A,accessories
SAT0022-A,accessories
DLK0133-A,camera
BNQ0053-A,display
JYB0002,accessories
JYB0004,accessories
MAT0003,accessories
KAN0047-A,accessories
APP1188-A,accessories
APP2145-A,tablet
OWC0237,accessories
OWC0238,accessories
OWC0130,accessories
GTE0028,accessories
APP2466,other
SHE0040,accessories
SHE0041,accessories
SPE0211,accessories
MUV0181,accessories
AP20299,smartphone
AP20302,smartphone
AP20303,smartphone
AP20310,smartphone
AP20315,smartphone
AP20317,smartphone
AP20321,smartphone
AP20322,smartphone
AP20296,smartphone
AP20305,smartphone
SAM0114,display
SAM0115,display
SAM0116,display
MUV0183,accessories
AP20318,smartphone
MUJ0027,accessories
MUJ0029,accessories
MUJ0030,accessories
MUJ0032,accessories
MUJ0035,accessories
PUR0151,accessories
PUR0150,accessories
ELA0039,accessories
MUJ0028,accessories
ELA0040,accessories
ELA0041,accessories
ELA0042,accessories
PUR0152,accessories
ELA0043,accessories
ELA0044,accessories
PUR0153,accessories
PUR0154,accessories
ELA0045,accessories
JMO0095,accessories
JMO0096,accessories
JMO0097,accessories
MUV0188,accessories
APP2471,smartphone
APP2472,smartphone
APP2473,smartphone
APP2474,smartphone
APP2475,smartphone
APP2477,smartphone
APP2478,smartphone
APP2479,smartphone
APP2480,smartphone
APP2481,smartphone
APP2482,smartphone
APP2483,smartphone
APP2487,other
APP2488,other
APP2484,smartphone
APP2489,smartphone
APP2485,smartphone
APP2486,smartphone
ALL0014,accessories
ALL0015,accessories
ALL0012,accessories
ALL0013,accessories
ALL0016,accessories
ALL0017,accessories
SPE0191,accessories
SPE0192,accessories
SPE0193,accessories
SPE0194,accessories
SPE0195,accessories
SPE0197,accessories
TUC0338,accessories
ALL0019,accessories
ALL0011,accessories
ALL0002,accessories
ALL0001,accessories
SPE0199,accessories
SPE0200,accessories
TUC0340,accessories
SPE0201,accessories
SPE0202,accessories
SPE0206,accessories
SPE0207,accessories
TUC0341,accessories
SPE0208,accessories
CRU0052-2,accessories
CRU0052-4,accessories
CRU0053-2,accessories
CRU0053-4,accessories
TUC0344,accessories
TUC0345,accessories
XDO0038,accessories
KIN0160-2,accessories
OWC0251,accessories
OWC0250,accessories
OWC0245,accessories
OWC0249,accessories
XDO0039,accessories
XDO0041,accessories
XDO0043,accessories
XDO0040,accessories
XDO0042,accessories
AP20133,accessories
AP20134,accessories
AP20341,accessories
AP20339,accessories
AP20334,accessories
AP20337,accessories
AP20336,accessories
SSE0004,other
SSE0005,other
SSE0006,other
MUV0182,accessories
MUV0186,accessories
MUV0192,accessories
MUV0191,accessories
LGE0062,display
APP2491,smartwhatch
APP2492,smartwhatch
APP2494,smartwhatch
APP2495,smartwhatch
APP2496,smartwhatch
APP2493,smartwhatch
APP2498,smartwhatch
APP2497,smartwhatch
APP2499,smartwhatch
APP2500,smartwhatch
APP2501,smartwhatch
APP2502,smartwhatch
SAN0181,accessories
OWC0228,accessories
SAN0182,accessories
SAN0183,accessories
OWC0230,accessories
OWC0231,accessories
SOF0125,accessories
SAN0184,accessories
MOS0219,accessories
MOS0224,accessories
MOS0225,accessories
MOS0226,accessories
MUV0184,accessories
SYN0170,accessories
MUV0187,accessories
MUV0189,accessories
APP2503,accessories
APP2504,accessories
APP2505,accessories
APP2506,accessories
APP2507,accessories
APP2508,accessories
APP2509,accessories
APP2510,accessories
BEZ0181-A,accessories
APP2511,accessories
APP2512,accessories
APP2513,accessories
APP2515,accessories
APP2516,accessories
APP1210-A,accessories
APP2520,accessories
KEN0239-A,accessories
APP2522,accessories
OWC0129-A,accessories
APP2523,accessories
APP2526,accessories
APP2527,accessories
PAC2189,pc
APP2528,accessories
BEL0285-A,accessories
IHE0017-A,accessories
IHE0020-A,accessories
SAT0037-A,accessories
DLL0050,display
APP2531,accessories
APP2532,accessories
APP2533,accessories
APP2535,accessories
APP2536,accessories
LGE0063,display
SAT0053,accessories
SAT0052,accessories
CRU0026-A,accessories
TPL0026-A,accessories
OWC0209-A,accessories
APP2142-A,tablet
LAC0235,accessories
LAC0236,accessories
LAC0237,accessories
LAC0238,accessories
DJI0013,accessories
NKI0003,other
NKI0008,other
NKI0002,camera
NKI0001,other
AP20356,accessories
MIN0007,accessories
MIN0006,accessories
MIN0005,accessories
NIE0004,other
SYN0176,accessories
SYN0178,accessories
SYN0175,accessories
SYN0174,accessories
PAC2202,accessories
PAC2206,accessories
PAC2210,accessories
SYN0173,accessories
PAC2221,accessories
PAC2224,accessories
PAC2362,accessories
SYN0172,accessories
PAC2256,accessories
PAC2271,accessories
PAC2433,accessories
PAC2422,accessories
PAC2440,accessories
APP2562,accessories
PAC2187,accessories
STA0031,accessories
ZAG0024,accessories
GOP0092,other
ZAG0026,accessories
ZAG0029,accessories
ZAG0028,accessories
NTE0110,accessories
NTE0111,accessories
NTE0112,accessories
NTE0113,accessories
NTE0114,accessories
NTE0116,accessories
SPH0014,other
NTE0115,accessories
NTE0117,accessories
SPH0015,other
SPH0016,other
NTE0118,accessories
SPH0017,other
SPH0018,other
NTE0120,accessories
APP2616,accessories
SPH0021,other
SPH0019,other
APP2623,accessories
SPH0013,other
PAC2277,pc
AP20051,smartphone
PAC2276,pc
AP20359,smartphone
JMO0098,accessories
JMO0100,accessories
STM0095,accessories
STM0096,accessories
BEA0071,accessories
BEA0072,accessories
BEA0073,accessories
BEA0074,accessories
MOS0229,accessories
MOS0234,accessories
MOS0235,accessories
MOS0230,accessories
MOS0231,accessories
MOS0232,accessories
MOS0233,accessories
IKM0058,accessories
APP2541,accessories
APP2539,accessories
APP2540,accessories
APP2550,accessories
SAN0190,accessories
APP2551,accessories
APP2552,accessories
APP2553,accessories
APP2554,accessories
APP2556,accessories
APP2555,accessories
APP2558,accessories
APP2557,accessories
SAN0186,accessories
SAN0188,accessories
APP2542,accessories
APP2543,accessories
APP2544,accessories
APP2546,accessories
APP2547,accessories
BEL0316,accessories
BEL0304,accessories
BEL0307,accessories
BEL0308,accessories
BEL0306,accessories
BEL0300,accessories
BEA0066,accessories
BEA0068,accessories
OWC0239,accessories
OWC0240,accessories
BEL0365,accessories
BEL0301,accessories
GTE0108,accessories
LGE0064,display
BEL0361,accessories
BEL0363,accessories
BEL0364,accessories
GTE0118,accessories
ADN0047,accessories
ADN0048,accessories
JBL0146,accessories
SYN0180,accessories
PAC2281,accessories
PAC2285,accessories
SYN0181,accessories
PAC2287,accessories
PAC2289,accessories
SYN0182,accessories
PAC2293,accessories
LGE0065,display
PRY0004,printer
PRY0005,printer
PRY0006,printer
MUV0193,accessories
NTE0124,accessories
SYN0105-A,accessories
MOL0002,accessories
APP2496-A,smartwhatch
MOL0003,other
TCH0005,accessories
TCH0006,accessories
TCH0007,accessories
NTE0126,accessories
NTE0122,accessories
NTE0123,accessories
SAT0004-A,accessories
DLL0048,display
OTT0160,accessories
OTT0161,accessories
OTT0162,accessories
DLL0049,other
OTT0172,accessories
LIF0139,accessories
OTT0164,accessories
OTT0165,accessories
OTT0166,accessories
OTT0167,accessories
OTT0168,accessories
BEL0317,accessories
PAR0072,other
NES0006,other
NES0010,accessories
PAR0071,other
NES0009,accessories
MMW0003,accessories
MMW0001,accessories
MMW0004,accessories
MMW0005,accessories
OWC0257,accessories
OWC0258,accessories
OWC0259,accessories
OWC0254,accessories
OWC0255,accessories
OWC0256,accessories
MMW0011,accessories
MMW0012,accessories
MMW0013,accessories
WDT0398,accessories
WDT0396,accessories
TRA0042,accessories
OTT0170,accessories
OTT0169,accessories
BEL0318,accessories
OTT0163,accessories
BEL0320,accessories
TRA0043,accessories
BEL0324,accessories
BOS0057,accessories
BOS0058,accessories
DLL0052,display
ADN0050,accessories
ADN0053,accessories
BEL0302,accessories
AP20371,accessories
AP20379,tablet
AP20383,tablet
AP20382,tablet
AP20381,tablet
AP20367,smartphone
AP20049,smartphone
IFX0174,accessories
IFX0175,accessories
NEA0014,accessories
NEA0015,accessories
BOS0060,accessories
BOS0059,accessories
BOS0054,accessories
BNQ0057,display
BNQ0058,display
BNQ0061,display
BOS0055,accessories
FIT0033,accessories
FIT0056,smartwhatch
FIT0058,smartwhatch
FIT0059,smartwhatch
QNA0251,accessories
JBL0143,accessories
JBL0142,accessories
JBL0141,accessories
JBL0135,accessories
JBL0136,accessories
NKI0011,other
BEL0344,accessories
BEL0346,accessories
BEL0350,accessories
NKI0010,other
NKI0009,other
DJI0016,other
NKI0006,other
NKI0005,other
NKI0004,other
DLK0134,camera
EVU0003,accessories
EVU0004,accessories
EVU0005,accessories
NOM0023,accessories
EVU0006,accessories
EVU0007,accessories
EVU0008,accessories
EVU0009,accessories
EVU0010,accessories
EVU0011,accessories
GOP0093,camera
NOM0025,accessories
NOM0027,accessories
NOM0026,accessories
QNA0246,accessories
PHI0080,accessories
PHI0078,accessories
QNA0250,accessories
PHI0077,accessories
APP1037-A,accessories
BEL0360,accessories
BEL0352,accessories
BEL0355,accessories
LIF0130,accessories
LIF0122,accessories
LIF0127,accessories
LIF0126,accessories
LOG0234,accessories
EVU0012,accessories
AP20369,accessories
BEL0330,accessories
BEL0368,accessories
BEL0332,accessories
OTT0183,accessories
AP20152,pc
OTT0184,accessories
AP20394,laptop
BEL0333,accessories
OTT0171,accessories
BOD0003,accessories
LIF0135,accessories
LIF0132,accessories
LIF0142,accessories
SAT0064,accessories
SAT0065,accessories
SAT0069,accessories
SAT0070,accessories
SAT0055,accessories
SAT0054,accessories
KAN0055,accessories
FIB0002,accessories
MOS0238,accessories
FIB0003,accessories
FIB0004,accessories
FIB0006,accessories
FIB0005,accessories
TRK0006,accessories
TRK0007,accessories
TRK0008,accessories
APP2631,pc
SAT0056,accessories
HTE0016,accessories
HTE0019,accessories
MAT0004,accessories
JBL0144,accessories
LIF0148,accessories
ICA0087,accessories
ZAG0030,accessories
ICA0085,accessories
ICA0086,accessories
JBL0145,accessories
RET0001,accessories
ICA0084,accessories
NIM0001,other
PAC2471,accessories
MOS0239,accessories
GTE0107,accessories
HOC0015,accessories
HOC0016,accessories
TIL0004,accessories
WDT0400,accessories
OWC0262,accessories
OWC0263,accessories
OWC0264,accessories
AP20419,tablet
AP20428,laptop
AP20412,smartphone
AP20413,smartphone
AP20414,smartphone
SNS0024,accessories
SNS0019,accessories
DVI0005,accessories
DVI0004,accessories
AP20438,smartphone
MOP0097,accessories
SAT0073,accessories
SAT0074,accessories
AP20427,tablet
JOB0001,accessories
AP20433,pc
TWS0118,accessories
APP1564-A,accessories
APP2356-A,laptop
APP1770-A,accessories
APP2476,smartphone
APP2150-A,tablet
OTT0188,accessories
OTT0189,accessories
SAT0068,accessories
SAT0066,accessories
SAT0067,accessories
OTT0195,accessories
SAT0062,accessories
SAT0061,accessories
OTT0196,accessories
CRU0054,accessories
CRU0055,accessories
CRU0056,accessories
NOM0028,accessories
NOM0029,accessories
SAT0058,accessories
LIF0119,accessories
STM0097,accessories
STM0098,accessories
STM0099,accessories
SYN0185,accessories
OTT0186,accessories
ICA0083,accessories
ICA0093,accessories
ICA0094,accessories
ICA0095,accessories
ICA0096,accessories
HTE0009,accessories
HTE0013,accessories
HTE0011,accessories
OWC0193,accessories
XTO0006,accessories
LAN0010,accessories
KIN0154,accessories
TUC0315-A,accessories
LGE0049-A,display
WDT0349-A,accessories
IFX0041-A,accessories
PUR0143-A,accessories
BEZ0185-A,accessories
MUJ0028-A,accessories
APP0432-A,accessories
NTE0111-A,accessories
JMO0098-A,accessories
HOC0008-A,accessories
APP2510-A,accessories
APP1152-A,accessories
SPH0019-A,other
PHI0046-A,other
SYN0181-A,accessories
APP2491-A,smartwhatch
FIB0005-A,accessories
APP2502-A,smartwhatch
BNQ0043-A,display
LGE0063-A,display
QNA0220-A,accessories
LAC0202-A,accessories
ZAG0024-A,accessories
BEL0257-A,accessories
WDT0350-A,accessories
WDT0382-A,accessories
APP1960-A,smartphone
APP1125-A,accessories
SHE0041-A,accessories
PRY0005-A,printer
OTT0166-A,accessories
APP2083-A,pc
KOO0004,accessories
MOS0236,accessories
DOD0005,accessories
HTE0007-A,accessories
DOD0009,accessories
DOD0004,accessories
KOO0001,accessories
APP1625-A,smartphone
WAC0224-A,tablet
SYN0120-A,accessories
DOD0002,accessories
BEL0309,accessories
BEL0305,accessories
PAC2473,accessories
QNA0254,accessories
RYV0004,accessories
KOO0003,accessories
MIN0008,accessories
SAT0077,accessories
SAT0076,accessories
MOP0104,accessories
MOP0105,accessories
MOP0106,accessories
DLK0073-A,accessories
APP2075,laptop
APP2073,laptop
APP2072,laptop
APP2352,laptop
APP2353,laptop
APP2356,laptop
APP2357,laptop
APP2359,laptop
APP2364,laptop
APP2365,laptop
APP2074,laptop
APP2368,laptop
APP2371,laptop
APP2374,laptop
APP2379,laptop
SAT0042-A,accessories
TWS0118-A,accessories
APP2076-A,laptop
OWC0210-A,accessories
OTT0197,accessories
WDT0402,accessories
WDT0404,accessories
NIE0003,other
PAC2501,service
SAM0118,accessories
SAM0119,accessories
SAM0120,accessories
SAT0068-A,accessories
SAT0012-A,accessories
ICA0108,accessories
IOT0021,accessories
MTF0002,accessories
FIB0001,accessories
SAT0081,accessories
SAT0079,accessories
SAT0080,accessories
SAT0082,accessories
SAT0083,accessories
AP20453,smartphone
LOG0235,accessories
APP2599,accessories
APP2601,accessories
MOP0101,accessories
MOP0102,accessories
MOP0103,accessories
AP20446,smartphone
AP20449,smartphone
ELG0031,accessories
ZAG0026-A,accessories
SEA0087,accessories
ZAG0031,accessories
MOP0107,accessories
MOP0108,accessories
SEA0119,accessories
APP2608,accessories
OWC0275,accessories
NKI0014,smartwhatch
ELA0021-A,accessories
MIN0005-A,accessories
SAM0115-A,display
BEL0372,accessories
BEL0371,accessories
WDT0406,accessories
THU0053,accessories
JAB0048,accessories
SAT0050-A,accessories
SDE0001,accessories
APP2495-A,smartwhatch
APP2067-A,laptop
BOS0063,accessories
MOP0099,accessories
MOP0100,accessories
ZAG0032,accessories
ZAG0034,accessories
AP20455,laptop
AP20456,laptop
AP20384,tablet
MAC0138,other
ZAG0035,accessories
ZAG0036,accessories
QAR0001,other
HOC0021,accessories
APP1460,accessories
MMW0008,accessories
MMW0006,accessories
MMW0010,accessories
MMW0009,accessories
